{
  "label_aps": {
    "car": {
      "0.5": 0.0026040071037738877,
      "1.0": 0.004367975654946362,
      "2.0": 0.005131432398100791,
      "4.0": 0.01504855350980669
    },
    "truck": {
      "0.5": 0.008050063709425449,
      "1.0": 0.010222247678145769,
      "2.0": 0.010222247678145769,
      "4.0": 0.013398959952782076
    },
    "bus": {
      "0.5": 0.0,
      "1.0": 5.303549163198269e-05,
      "2.0": 0.03282276077266062,
      "4.0": 0.03447450068876836
    },
    "trailer": {
      "0.5": 0.0,
      "1.0": 0.0,
      "2.0": 0.0,
      "4.0": 0.0
    },
    "construction_vehicle": {
      "0.5": 0.0,
      "1.0": 0.0,
      "2.0": 0.0,
      "4.0": 0.0
    },
    "pedestrian": {
      "0.5": 0.010340703850896754,
      "1.0": 0.01391301758425596,
      "2.0": 0.01888690969583216,
      "4.0": 0.035908944974893296
    },
    "motorcycle": {
      "0.5": 0.0,
      "1.0": 0.0,
      "2.0": 0.0,
      "4.0": 0.0
    },
    "bicycle": {
      "0.5": 0.0,
      "1.0": 0.0,
      "2.0": 0.0,
      "4.0": 0.0
    },
    "traffic_cone": {
      "0.5": 0.0,
      "1.0": 0.0,
      "2.0": 0.0,
      "4.0": 0.0
    },
    "barrier": {
      "0.5": 0.0,
      "1.0": 0.0,
      "2.0": 0.0,
      "4.0": 0.0
    }
  },
  "mean_dist_aps": {
    "car": 0.006787992166656933,
    "truck": 0.010473379754624765,
    "bus": 0.016837574238265242,
    "trailer": 0.0,
    "construction_vehicle": 0.0,
    "pedestrian": 0.019762394026469544,
    "motorcycle": 0.0,
    "bicycle": 0.0,
    "traffic_cone": 0.0,
    "barrier": 0.0
  },
  "mean_ap": 0.005386134018601648,
  "label_tp_errors": {
    "car": {
      "trans_err": 0.3507988812594161,
      "scale_err": 0.18611038091498694,
      "orient_err": 1.3300753292199277,
      "vel_err": 1.0,
      "attr_err": 0.2172842684797246
    },
    "truck": {
      "trans_err": 0.3237171936705968,
      "scale_err": 0.23708436118770457,
      "orient_err": 0.8777369851703819,
      "vel_err": 1.0,
      "attr_err": 0.0
    },
    "bus": {
      "trans_err": 1.311252020890551,
      "scale_err": 0.48815848759098135,
      "orient_err": 0.059518996456269214,
      "vel_err": 1.0,
      "attr_err": 1.0
    },
    "trailer": {
      "trans_err": 1.0,
      "scale_err": 1.0,
      "orient_err": 1.0,
      "vel_err": 1.0,
      "attr_err": 1.0
    },
    "construction_vehicle": {
      "trans_err": 1.0,
      "scale_err": 1.0,
      "orient_err": 1.0,
      "vel_err": 1.0,
      "attr_err": 1.0
    },
    "pedestrian": {
      "trans_err": 0.3229721072236262,
      "scale_err": 0.2807792848843866,
      "orient_err": 1.436100385175727,
      "vel_err": 1.0,
      "attr_err": 0.12495698889325987
    },
    "motorcycle": {
      "trans_err": 1.0,
      "scale_err": 1.0,
      "orient_err": 1.0,
      "vel_err": 1.0,
      "attr_err": 1.0
    },
    "bicycle": {
      "trans_err": 1.0,
      "scale_err": 1.0,
      "orient_err": 1.0,
      "vel_err": 1.0,
      "attr_err": 1.0
    },
    "traffic_cone": {
      "trans_err": 0.7697527924952617,
      "scale_err": 0.43644418640599125,
      "orient_err": NaN,
      "vel_err": NaN,
      "attr_err": NaN
    },
    "barrier": {
      "trans_err": 1.0,
      "scale_err": 1.0,
      "orient_err": 1.0,
      "vel_err": NaN,
      "attr_err": NaN
    }
  },
  "tp_errors": {
    "trans_err": 0.8078492995539452,
    "scale_err": 0.662857670098405,
    "orient_err": 0.9670479662247007,
    "vel_err": 1.0,
    "attr_err": 0.6677801571716231
  },
  "tp_scores": {
    "trans_err": 0.19215070044605476,
    "scale_err": 0.337142329901595,
    "orient_err": 0.032952033775299316,
    "vel_err": 0.0,
    "attr_err": 0.3322198428283769
  },
  "nd_score": 0.09213955770443341,
  "eval_time": 9.987878561019897,
  "meta": {
    "use_camera": false,
    "use_lidar": false,
    "use_radar": false,
    "use_map": false,
    "use_external": false
  }
}