{
  "label_aps": {
    "car": {
      "0.5": 0.0010746763345313296,
      "1.0": 0.0036048671644876976,
      "2.0": 0.005307419887000475,
      "4.0": 0.01172685111716818
    },
    "truck": {
      "0.5": 0.002166703977775731,
      "1.0": 0.03216902485621412,
      "2.0": 0.05446192808081887,
      "4.0": 0.05493856804330396
    },
    "bus": {
      "0.5": 0.0,
      "1.0": 0.0,
      "2.0": 0.0,
      "4.0": 0.0
    },
    "trailer": {
      "0.5": 0.0,
      "1.0": 0.0,
      "2.0": 0.0,
      "4.0": 0.0
    },
    "construction_vehicle": {
      "0.5": 0.0,
      "1.0": 0.0,
      "2.0": 0.0,
      "4.0": 0.0
    },
    "pedestrian": {
      "0.5": 0.0168200003281797,
      "1.0": 0.028052541976787877,
      "2.0": 0.03813674959313256,
      "4.0": 0.07669707243184197
    },
    "motorcycle": {
      "0.5": 0.0,
      "1.0": 0.0,
      "2.0": 0.0,
      "4.0": 0.0
    },
    "bicycle": {
      "0.5": 0.0,
      "1.0": 0.0,
      "2.0": 0.0,
      "4.0": 0.0
    },
    "traffic_cone": {
      "0.5": 0.0,
      "1.0": 0.0,
      "2.0": 0.0,
      "4.0": 0.0017592592592592592
    },
    "barrier": {
      "0.5": 0.0,
      "1.0": 0.0,
      "2.0": 0.0,
      "4.0": 0.0
    }
  },
  "mean_dist_aps": {
    "car": 0.005428453625796921,
    "truck": 0.03593405623952817,
    "bus": 0.0,
    "trailer": 0.0,
    "construction_vehicle": 0.0,
    "pedestrian": 0.03992659108248553,
    "motorcycle": 0.0,
    "bicycle": 0.0,
    "traffic_cone": 0.0004398148148148148,
    "barrier": 0.0
  },
  "mean_ap": 0.008172891576262543,
  "label_tp_errors": {
    "car": {
      "trans_err": 0.5431118768397495,
      "scale_err": 0.20097680265067586,
      "orient_err": 1.6219502142060538,
      "vel_err": 1.0,
      "attr_err": 0.24426093652210815
    },
    "truck": {
      "trans_err": 0.5946263176330796,
      "scale_err": 0.25665105766511065,
      "orient_err": 0.8216614759369254,
      "vel_err": 1.0,
      "attr_err": 0.0
    },
    "bus": {
      "trans_err": 1.1680628816255199,
      "scale_err": 0.29062224746667537,
      "orient_err": 1.1961212162756372,
      "vel_err": 1.0,
      "attr_err": 1.0
    },
    "trailer": {
      "trans_err": 1.0,
      "scale_err": 1.0,
      "orient_err": 1.0,
      "vel_err": 1.0,
      "attr_err": 1.0
    },
    "construction_vehicle": {
      "trans_err": 1.0,
      "scale_err": 1.0,
      "orient_err": 1.0,
      "vel_err": 1.0,
      "attr_err": 1.0
    },
    "pedestrian": {
      "trans_err": 0.48040812924943604,
      "scale_err": 0.35214757327229856,
      "orient_err": 1.401365741327604,
      "vel_err": 1.0,
      "attr_err": 0.10678049859736993
    },
    "motorcycle": {
      "trans_err": 1.0,
      "scale_err": 1.0,
      "orient_err": 1.0,
      "vel_err": 1.0,
      "attr_err": 1.0
    },
    "bicycle": {
      "trans_err": 1.0,
      "scale_err": 1.0,
      "orient_err": 1.0,
      "vel_err": 1.0,
      "attr_err": 1.0
    },
    "traffic_cone": {
      "trans_err": 0.6225227648319704,
      "scale_err": 0.6368748399100468,
      "orient_err": NaN,
      "vel_err": NaN,
      "attr_err": NaN
    },
    "barrier": {
      "trans_err": 1.0,
      "scale_err": 1.0,
      "orient_err": 1.0,
      "vel_err": NaN,
      "attr_err": NaN
    }
  },
  "tp_errors": {
    "trans_err": 0.8408731970179755,
    "scale_err": 0.6737272520964808,
    "orient_err": 1.1156776275273579,
    "vel_err": 1.0,
    "attr_err": 0.6688801793899348
  },
  "tp_scores": {
    "trans_err": 0.15912680298202453,
    "scale_err": 0.32627274790351923,
    "orient_err": 0.0,
    "vel_err": 0.0,
    "attr_err": 0.3311198206100652
  },
  "nd_score": 0.08573838293769216,
  "eval_time": 13.42981481552124,
  "meta": {
    "use_camera": false,
    "use_lidar": false,
    "use_radar": false,
    "use_map": false,
    "use_external": false
  }
}