{
  "label_aps": {
    "car": {
      "0.5": 0.003085918183677437,
      "1.0": 0.004288069882664289,
      "2.0": 0.004860264410113623,
      "4.0": 0.016380978387670084
    },
    "truck": {
      "0.5": 0.007107628002387153,
      "1.0": 0.05363933103792999,
      "2.0": 0.055207411443923333,
      "4.0": 0.062408224100639405
    },
    "bus": {
      "0.5": 0.0,
      "1.0": 0.0,
      "2.0": 0.0,
      "4.0": 0.0
    },
    "trailer": {
      "0.5": 0.0,
      "1.0": 0.0,
      "2.0": 0.0,
      "4.0": 0.0
    },
    "construction_vehicle": {
      "0.5": 0.0,
      "1.0": 0.0,
      "2.0": 0.0,
      "4.0": 0.0
    },
    "pedestrian": {
      "0.5": 0.13566119882976438,
      "1.0": 0.15387922339271484,
      "2.0": 0.18817477912073985,
      "4.0": 0.23541692623130225
    },
    "motorcycle": {
      "0.5": 0.0,
      "1.0": 0.0,
      "2.0": 0.0,
      "4.0": 0.0
    },
    "bicycle": {
      "0.5": 0.0,
      "1.0": 0.0,
      "2.0": 0.0,
      "4.0": 0.0
    },
    "traffic_cone": {
      "0.5": 0.0,
      "1.0": 0.0,
      "2.0": 0.0,
      "4.0": 0.0
    },
    "barrier": {
      "0.5": 0.0,
      "1.0": 0.0,
      "2.0": 0.0,
      "4.0": 0.0
    }
  },
  "mean_dist_aps": {
    "car": 0.007153807716031358,
    "truck": 0.04459064864621997,
    "bus": 0.0,
    "trailer": 0.0,
    "construction_vehicle": 0.0,
    "pedestrian": 0.17828303189363034,
    "motorcycle": 0.0,
    "bicycle": 0.0,
    "traffic_cone": 0.0,
    "barrier": 0.0
  },
  "mean_ap": 0.023002748825588167,
  "label_tp_errors": {
    "car": {
      "trans_err": 0.3996954684460379,
      "scale_err": 0.19382273465087727,
      "orient_err": 1.2396386200747729,
      "vel_err": 1.0,
      "attr_err": 0.22311138535529929
    },
    "truck": {
      "trans_err": 0.49457407097744827,
      "scale_err": 0.2850412143693435,
      "orient_err": 0.9873208200766196,
      "vel_err": 1.0,
      "attr_err": 0.026170743765792665
    },
    "bus": {
      "trans_err": 1.0944088028925387,
      "scale_err": 0.3863599555530583,
      "orient_err": 0.733570866907177,
      "vel_err": 1.0,
      "attr_err": 1.0
    },
    "trailer": {
      "trans_err": 1.0,
      "scale_err": 1.0,
      "orient_err": 1.0,
      "vel_err": 1.0,
      "attr_err": 1.0
    },
    "construction_vehicle": {
      "trans_err": 1.0,
      "scale_err": 1.0,
      "orient_err": 1.0,
      "vel_err": 1.0,
      "attr_err": 1.0
    },
    "pedestrian": {
      "trans_err": 0.36166196696489616,
      "scale_err": 0.29162500196081376,
      "orient_err": 1.270430651177213,
      "vel_err": 1.0,
      "attr_err": 0.07669875148042961
    },
    "motorcycle": {
      "trans_err": 1.0,
      "scale_err": 1.0,
      "orient_err": 1.0,
      "vel_err": 1.0,
      "attr_err": 1.0
    },
    "bicycle": {
      "trans_err": 1.0,
      "scale_err": 1.0,
      "orient_err": 1.0,
      "vel_err": 1.0,
      "attr_err": 1.0
    },
    "traffic_cone": {
      "trans_err": 1.0,
      "scale_err": 1.0,
      "orient_err": NaN,
      "vel_err": NaN,
      "attr_err": NaN
    },
    "barrier": {
      "trans_err": 1.0,
      "scale_err": 1.0,
      "orient_err": 1.0,
      "vel_err": NaN,
      "attr_err": NaN
    }
  },
  "tp_errors": {
    "trans_err": 0.8350340309280921,
    "scale_err": 0.7156848906534092,
    "orient_err": 1.0256623286928646,
    "vel_err": 1.0,
    "attr_err": 0.6657476100751902
  },
  "tp_scores": {
    "trans_err": 0.16496596907190786,
    "scale_err": 0.28431510934659077,
    "orient_err": 0.0,
    "vel_err": 0.0,
    "attr_err": 0.33425238992480977
  },
  "nd_score": 0.08985472124712493,
  "eval_time": 12.527160167694092,
  "meta": {
    "use_camera": false,
    "use_lidar": false,
    "use_radar": false,
    "use_map": false,
    "use_external": false
  }
}