{
  "label_aps": {
    "car": {
      "0.5": 0.014477559823882276,
      "1.0": 0.021463591931821683,
      "2.0": 0.02466020405493477,
      "4.0": 0.048478309908696234
    },
    "truck": {
      "0.5": 0.005848903515841651,
      "1.0": 0.012158019529322793,
      "2.0": 0.012158019529322793,
      "4.0": 0.012363363817102246
    },
    "bus": {
      "0.5": 0.0,
      "1.0": 0.0,
      "2.0": 0.03366668645088749,
      "4.0": 0.03537977909535268
    },
    "trailer": {
      "0.5": 0.0,
      "1.0": 0.0,
      "2.0": 0.0,
      "4.0": 0.0
    },
    "construction_vehicle": {
      "0.5": 0.0,
      "1.0": 0.0,
      "2.0": 0.0,
      "4.0": 0.0
    },
    "pedestrian": {
      "0.5": 0.0010677481091424447,
      "1.0": 0.002506433956139245,
      "2.0": 0.004461309747591454,
      "4.0": 0.012151445986865453
    },
    "motorcycle": {
      "0.5": 0.0,
      "1.0": 0.0,
      "2.0": 0.0,
      "4.0": 0.0
    },
    "bicycle": {
      "0.5": 0.0,
      "1.0": 0.0,
      "2.0": 0.0,
      "4.0": 0.0
    },
    "traffic_cone": {
      "0.5": 0.0,
      "1.0": 0.0,
      "2.0": 0.0,
      "4.0": 0.0
    },
    "barrier": {
      "0.5": 0.0,
      "1.0": 0.0,
      "2.0": 0.0,
      "4.0": 0.0
    }
  },
  "mean_dist_aps": {
    "car": 0.027269916429833743,
    "truck": 0.010632076597897371,
    "bus": 0.01726161638656004,
    "trailer": 0.0,
    "construction_vehicle": 0.0,
    "pedestrian": 0.005046734449934649,
    "motorcycle": 0.0,
    "bicycle": 0.0,
    "traffic_cone": 0.0,
    "barrier": 0.0
  },
  "mean_ap": 0.006021034386422581,
  "label_tp_errors": {
    "car": {
      "trans_err": 0.3342837850124932,
      "scale_err": 0.18129678177248593,
      "orient_err": 1.5900108556621488,
      "vel_err": 1.0,
      "attr_err": 0.21051323284928428
    },
    "truck": {
      "trans_err": 0.3529665516383466,
      "scale_err": 0.3150935428127537,
      "orient_err": 1.228561625795147,
      "vel_err": 1.0,
      "attr_err": 0.009441393309308672
    },
    "bus": {
      "trans_err": 1.254139340852772,
      "scale_err": 0.46289909819490815,
      "orient_err": 0.06290711292953136,
      "vel_err": 1.0,
      "attr_err": 1.0
    },
    "trailer": {
      "trans_err": 1.0,
      "scale_err": 1.0,
      "orient_err": 1.0,
      "vel_err": 1.0,
      "attr_err": 1.0
    },
    "construction_vehicle": {
      "trans_err": 1.0,
      "scale_err": 1.0,
      "orient_err": 1.0,
      "vel_err": 1.0,
      "attr_err": 1.0
    },
    "pedestrian": {
      "trans_err": 0.3469664595032395,
      "scale_err": 0.2866472560087978,
      "orient_err": 1.4975077984752534,
      "vel_err": 1.0,
      "attr_err": 0.12854501780158029
    },
    "motorcycle": {
      "trans_err": 1.0,
      "scale_err": 1.0,
      "orient_err": 1.0,
      "vel_err": 1.0,
      "attr_err": 1.0
    },
    "bicycle": {
      "trans_err": 1.0,
      "scale_err": 1.0,
      "orient_err": 1.0,
      "vel_err": 1.0,
      "attr_err": 1.0
    },
    "traffic_cone": {
      "trans_err": 1.0,
      "scale_err": 1.0,
      "orient_err": NaN,
      "vel_err": NaN,
      "attr_err": NaN
    },
    "barrier": {
      "trans_err": 1.0,
      "scale_err": 1.0,
      "orient_err": 1.0,
      "vel_err": NaN,
      "attr_err": NaN
    }
  },
  "tp_errors": {
    "trans_err": 0.828835613700685,
    "scale_err": 0.7245936678788946,
    "orient_err": 1.042109710318009,
    "vel_err": 1.0,
    "attr_err": 0.6685624554950217
  },
  "tp_scores": {
    "trans_err": 0.17116438629931496,
    "scale_err": 0.27540633212110543,
    "orient_err": 0.0,
    "vel_err": 0.0,
    "attr_err": 0.3314375445049783
  },
  "nd_score": 0.08081134348575117,
  "eval_time": 5.730355262756348,
  "meta": {
    "use_camera": false,
    "use_lidar": false,
    "use_radar": false,
    "use_map": false,
    "use_external": false
  }
}