{
  "label_aps": {
    "car": {
      "0.5": 0.0006366588468243302,
      "1.0": 0.001382824810087234,
      "2.0": 0.0015112918782109572,
      "4.0": 0.008038055291737473
    },
    "truck": {
      "0.5": 0.018800741449840758,
      "1.0": 0.04867107197411693,
      "2.0": 0.04867107197411693,
      "4.0": 0.04867107197411693
    },
    "bus": {
      "0.5": 0.0,
      "1.0": 0.0,
      "2.0": 0.0,
      "4.0": 0.004852103928378116
    },
    "trailer": {
      "0.5": 0.0,
      "1.0": 0.0,
      "2.0": 0.0,
      "4.0": 0.0
    },
    "construction_vehicle": {
      "0.5": 0.0,
      "1.0": 0.0,
      "2.0": 0.0,
      "4.0": 0.0
    },
    "pedestrian": {
      "0.5": 0.11789093417677661,
      "1.0": 0.15109564720935034,
      "2.0": 0.17056442712862424,
      "4.0": 0.22238278413584178
    },
    "motorcycle": {
      "0.5": 0.0,
      "1.0": 0.0,
      "2.0": 0.0,
      "4.0": 0.0
    },
    "bicycle": {
      "0.5": 0.0,
      "1.0": 0.0,
      "2.0": 0.0,
      "4.0": 0.0
    },
    "traffic_cone": {
      "0.5": 0.0,
      "1.0": 0.0,
      "2.0": 0.0,
      "4.0": 0.0
    },
    "barrier": {
      "0.5": 0.0,
      "1.0": 0.0,
      "2.0": 0.0,
      "4.0": 0.0
    }
  },
  "mean_dist_aps": {
    "car": 0.0028922077067149985,
    "truck": 0.04120348934304789,
    "bus": 0.001213025982094529,
    "trailer": 0.0,
    "construction_vehicle": 0.0,
    "pedestrian": 0.16548344816264826,
    "motorcycle": 0.0,
    "bicycle": 0.0,
    "traffic_cone": 0.0,
    "barrier": 0.0
  },
  "mean_ap": 0.02107921711945057,
  "label_tp_errors": {
    "car": {
      "trans_err": 0.38069931850109284,
      "scale_err": 0.19276418346918997,
      "orient_err": 1.118674545221268,
      "vel_err": 1.0,
      "attr_err": 0.23714184769420246
    },
    "truck": {
      "trans_err": 0.4630379887772657,
      "scale_err": 0.2700637028523837,
      "orient_err": 0.9272070168442671,
      "vel_err": 1.0,
      "attr_err": 0.037130397230900114
    },
    "bus": {
      "trans_err": 1.4657245162119101,
      "scale_err": 0.41610625413635544,
      "orient_err": 0.46433970335445385,
      "vel_err": 1.0,
      "attr_err": 1.0
    },
    "trailer": {
      "trans_err": 1.0,
      "scale_err": 1.0,
      "orient_err": 1.0,
      "vel_err": 1.0,
      "attr_err": 1.0
    },
    "construction_vehicle": {
      "trans_err": 1.0,
      "scale_err": 1.0,
      "orient_err": 1.0,
      "vel_err": 1.0,
      "attr_err": 1.0
    },
    "pedestrian": {
      "trans_err": 0.326669223437715,
      "scale_err": 0.3082849681281254,
      "orient_err": 1.2805638430433761,
      "vel_err": 1.0,
      "attr_err": 0.02949151342926538
    },
    "motorcycle": {
      "trans_err": 1.0,
      "scale_err": 1.0,
      "orient_err": 1.0,
      "vel_err": 1.0,
      "attr_err": 1.0
    },
    "bicycle": {
      "trans_err": 1.0,
      "scale_err": 1.0,
      "orient_err": 1.0,
      "vel_err": 1.0,
      "attr_err": 1.0
    },
    "traffic_cone": {
      "trans_err": 0.7060494349892136,
      "scale_err": 0.5481332264503618,
      "orient_err": NaN,
      "vel_err": NaN,
      "attr_err": NaN
    },
    "barrier": {
      "trans_err": 1.0,
      "scale_err": 1.0,
      "orient_err": 1.0,
      "vel_err": NaN,
      "attr_err": NaN
    }
  },
  "tp_errors": {
    "trans_err": 0.8342180481917196,
    "scale_err": 0.6735352335036416,
    "orient_err": 0.9767539009403738,
    "vel_err": 1.0,
    "attr_err": 0.662970469794296
  },
  "tp_scores": {
    "trans_err": 0.16578195180828037,
    "scale_err": 0.32646476649635836,
    "orient_err": 0.023246099059626157,
    "vel_err": 0.0,
    "attr_err": 0.33702953020570403
  },
  "nd_score": 0.09579184331672218,
  "eval_time": 12.45028305053711,
  "meta": {
    "use_camera": false,
    "use_lidar": false,
    "use_radar": false,
    "use_map": false,
    "use_external": false
  }
}