{
  "label_aps": {
    "car": {
      "0.5": 0.0010750127688323966,
      "1.0": 0.0030133942187456422,
      "2.0": 0.004200448475339891,
      "4.0": 0.00913436878557997
    },
    "truck": {
      "0.5": 0.027040986951891704,
      "1.0": 0.04216809892935963,
      "2.0": 0.04216809892935963,
      "4.0": 0.04947352988274562
    },
    "bus": {
      "0.5": 0.0,
      "1.0": 0.0013854873521540188,
      "2.0": 0.009475338959059887,
      "4.0": 0.022663752234410115
    },
    "trailer": {
      "0.5": 0.0,
      "1.0": 0.0,
      "2.0": 0.0,
      "4.0": 0.0
    },
    "construction_vehicle": {
      "0.5": 0.0,
      "1.0": 0.0,
      "2.0": 0.0,
      "4.0": 0.0
    },
    "pedestrian": {
      "0.5": 0.024069583431824065,
      "1.0": 0.03299456527890319,
      "2.0": 0.04070844381730753,
      "4.0": 0.07214272537275819
    },
    "motorcycle": {
      "0.5": 0.0,
      "1.0": 0.0,
      "2.0": 0.0,
      "4.0": 0.0
    },
    "bicycle": {
      "0.5": 0.0,
      "1.0": 0.0,
      "2.0": 0.0,
      "4.0": 0.0
    },
    "traffic_cone": {
      "0.5": 0.0,
      "1.0": 0.0,
      "2.0": 0.0,
      "4.0": 0.0
    },
    "barrier": {
      "0.5": 0.0,
      "1.0": 0.0,
      "2.0": 0.0,
      "4.0": 0.0
    }
  },
  "mean_dist_aps": {
    "car": 0.004355806062124474,
    "truck": 0.04021267867333915,
    "bus": 0.008381144636406004,
    "trailer": 0.0,
    "construction_vehicle": 0.0,
    "pedestrian": 0.04247882947519824,
    "motorcycle": 0.0,
    "bicycle": 0.0,
    "traffic_cone": 0.0,
    "barrier": 0.0
  },
  "mean_ap": 0.009542845884706786,
  "label_tp_errors": {
    "car": {
      "trans_err": 0.5153904287287464,
      "scale_err": 0.21980228714279018,
      "orient_err": 1.1805306237760402,
      "vel_err": 1.0,
      "attr_err": 0.2474589972025977
    },
    "truck": {
      "trans_err": 0.3792293617376632,
      "scale_err": 0.24267986798585883,
      "orient_err": 1.462256031887171,
      "vel_err": 1.0,
      "attr_err": 0.0
    },
    "bus": {
      "trans_err": 0.9660949358939088,
      "scale_err": 0.26785859887230223,
      "orient_err": 0.1344219149473416,
      "vel_err": 1.0,
      "attr_err": 1.0
    },
    "trailer": {
      "trans_err": 1.0,
      "scale_err": 1.0,
      "orient_err": 1.0,
      "vel_err": 1.0,
      "attr_err": 1.0
    },
    "construction_vehicle": {
      "trans_err": 1.0,
      "scale_err": 1.0,
      "orient_err": 1.0,
      "vel_err": 1.0,
      "attr_err": 1.0
    },
    "pedestrian": {
      "trans_err": 0.4065977093474301,
      "scale_err": 0.31151430553260784,
      "orient_err": 1.4724961474939406,
      "vel_err": 1.0,
      "attr_err": 0.0668415100169294
    },
    "motorcycle": {
      "trans_err": 1.0,
      "scale_err": 1.0,
      "orient_err": 1.0,
      "vel_err": 1.0,
      "attr_err": 1.0
    },
    "bicycle": {
      "trans_err": 1.0,
      "scale_err": 1.0,
      "orient_err": 1.0,
      "vel_err": 1.0,
      "attr_err": 1.0
    },
    "traffic_cone": {
      "trans_err": 0.5378303003992294,
      "scale_err": 0.5753519902167942,
      "orient_err": NaN,
      "vel_err": NaN,
      "attr_err": NaN
    },
    "barrier": {
      "trans_err": 1.0,
      "scale_err": 1.0,
      "orient_err": 1.0,
      "vel_err": NaN,
      "attr_err": NaN
    }
  },
  "tp_errors": {
    "trans_err": 0.7805142736106978,
    "scale_err": 0.6617207049750353,
    "orient_err": 1.027744968678277,
    "vel_err": 1.0,
    "attr_err": 0.6642875634024409
  },
  "tp_scores": {
    "trans_err": 0.2194857263893022,
    "scale_err": 0.3382792950249647,
    "orient_err": 0.0,
    "vel_err": 0.0,
    "attr_err": 0.3357124365975591
  },
  "nd_score": 0.094119168743536,
  "eval_time": 13.022946119308472,
  "meta": {
    "use_camera": false,
    "use_lidar": false,
    "use_radar": false,
    "use_map": false,
    "use_external": false
  }
}