{
  "label_aps": {
    "car": {
      "0.5": 0.0029430779773661686,
      "1.0": 0.004212581729635066,
      "2.0": 0.004933275962194227,
      "4.0": 0.014727690097831954
    },
    "truck": {
      "0.5": 0.026088128563349078,
      "1.0": 0.030562970104944104,
      "2.0": 0.030562970104944104,
      "4.0": 0.039512405921540754
    },
    "bus": {
      "0.5": 0.0,
      "1.0": 0.0,
      "2.0": 0.0,
      "4.0": 0.002256010396361274
    },
    "trailer": {
      "0.5": 0.0,
      "1.0": 0.0,
      "2.0": 0.0,
      "4.0": 0.0
    },
    "construction_vehicle": {
      "0.5": 0.0,
      "1.0": 0.0,
      "2.0": 0.0,
      "4.0": 0.0
    },
    "pedestrian": {
      "0.5": 0.1140540750719202,
      "1.0": 0.14398586911094147,
      "2.0": 0.16040219275805254,
      "4.0": 0.18974131076884668
    },
    "motorcycle": {
      "0.5": 0.0,
      "1.0": 0.0,
      "2.0": 0.0,
      "4.0": 0.0
    },
    "bicycle": {
      "0.5": 0.0,
      "1.0": 0.0,
      "2.0": 0.0,
      "4.0": 0.0
    },
    "traffic_cone": {
      "0.5": 0.0,
      "1.0": 0.0,
      "2.0": 0.0,
      "4.0": 0.0
    },
    "barrier": {
      "0.5": 0.0,
      "1.0": 0.0,
      "2.0": 0.0,
      "4.0": 0.0
    }
  },
  "mean_dist_aps": {
    "car": 0.006704156441756854,
    "truck": 0.03168161867369451,
    "bus": 0.0005640025990903184,
    "trailer": 0.0,
    "construction_vehicle": 0.0,
    "pedestrian": 0.15204586192744024,
    "motorcycle": 0.0,
    "bicycle": 0.0,
    "traffic_cone": 0.0,
    "barrier": 0.0
  },
  "mean_ap": 0.019099563964198193,
  "label_tp_errors": {
    "car": {
      "trans_err": 0.3732903146165178,
      "scale_err": 0.18686127259715798,
      "orient_err": 0.9653993047722855,
      "vel_err": 1.0,
      "attr_err": 0.209499352453304
    },
    "truck": {
      "trans_err": 0.3616690565022688,
      "scale_err": 0.2863378265146553,
      "orient_err": 0.593222870950822,
      "vel_err": 1.0,
      "attr_err": 0.06896105031986288
    },
    "bus": {
      "trans_err": 1.1527484209298502,
      "scale_err": 0.3159642294433545,
      "orient_err": 0.20560966862979235,
      "vel_err": 1.0,
      "attr_err": 1.0
    },
    "trailer": {
      "trans_err": 1.0,
      "scale_err": 1.0,
      "orient_err": 1.0,
      "vel_err": 1.0,
      "attr_err": 1.0
    },
    "construction_vehicle": {
      "trans_err": 1.0,
      "scale_err": 1.0,
      "orient_err": 1.0,
      "vel_err": 1.0,
      "attr_err": 1.0
    },
    "pedestrian": {
      "trans_err": 0.35109414333907946,
      "scale_err": 0.3034445594405766,
      "orient_err": 1.4734322177830086,
      "vel_err": 1.0,
      "attr_err": 0.03282215531335898
    },
    "motorcycle": {
      "trans_err": 1.0,
      "scale_err": 1.0,
      "orient_err": 1.0,
      "vel_err": 1.0,
      "attr_err": 1.0
    },
    "bicycle": {
      "trans_err": 1.0,
      "scale_err": 1.0,
      "orient_err": 1.0,
      "vel_err": 1.0,
      "attr_err": 1.0
    },
    "traffic_cone": {
      "trans_err": 0.5939222890402136,
      "scale_err": 0.4077319536384437,
      "orient_err": NaN,
      "vel_err": NaN,
      "attr_err": NaN
    },
    "barrier": {
      "trans_err": 1.0,
      "scale_err": 1.0,
      "orient_err": 1.0,
      "vel_err": NaN,
      "attr_err": NaN
    }
  },
  "tp_errors": {
    "trans_err": 0.7832724224427929,
    "scale_err": 0.6500339841634187,
    "orient_err": 0.9152960069039899,
    "vel_err": 1.0,
    "attr_err": 0.6639103197608157
  },
  "tp_scores": {
    "trans_err": 0.21672757755720706,
    "scale_err": 0.34996601583658127,
    "orient_err": 0.08470399309601007,
    "vel_err": 0.0,
    "attr_err": 0.3360896802391843
  },
  "nd_score": 0.10829850865499738,
  "eval_time": 13.032541513442993,
  "meta": {
    "use_camera": false,
    "use_lidar": false,
    "use_radar": false,
    "use_map": false,
    "use_external": false
  }
}