{
  "label_aps": {
    "car": {
      "0.5": 6.6053336730958e-05,
      "1.0": 0.00060833143540955,
      "2.0": 0.0009880028284319062,
      "4.0": 0.0042545787480802325
    },
    "truck": {
      "0.5": 0.04692278746124976,
      "1.0": 0.07273545507274054,
      "2.0": 0.07372385103855605,
      "4.0": 0.0799648568415057
    },
    "bus": {
      "0.5": 0.0,
      "1.0": 0.0,
      "2.0": 0.012796927191694576,
      "4.0": 0.016288348913963732
    },
    "trailer": {
      "0.5": 0.0,
      "1.0": 0.0,
      "2.0": 0.0,
      "4.0": 0.0
    },
    "construction_vehicle": {
      "0.5": 0.0,
      "1.0": 0.0,
      "2.0": 0.0,
      "4.0": 0.0
    },
    "pedestrian": {
      "0.5": 0.052052959080903544,
      "1.0": 0.06422820659641497,
      "2.0": 0.07514818458572946,
      "4.0": 0.1068449072189889
    },
    "motorcycle": {
      "0.5": 0.0,
      "1.0": 0.0,
      "2.0": 0.0,
      "4.0": 0.0
    },
    "bicycle": {
      "0.5": 0.0,
      "1.0": 0.0,
      "2.0": 0.0,
      "4.0": 0.0
    },
    "traffic_cone": {
      "0.5": 0.0,
      "1.0": 0.0,
      "2.0": 0.0,
      "4.0": 0.0
    },
    "barrier": {
      "0.5": 0.0,
      "1.0": 0.0,
      "2.0": 0.0,
      "4.0": 0.0
    }
  },
  "mean_dist_aps": {
    "car": 0.0014792415871631617,
    "truck": 0.06833673760351301,
    "bus": 0.007271319026414577,
    "trailer": 0.0,
    "construction_vehicle": 0.0,
    "pedestrian": 0.07456856437050921,
    "motorcycle": 0.0,
    "bicycle": 0.0,
    "traffic_cone": 0.0,
    "barrier": 0.0
  },
  "mean_ap": 0.015165586258759994,
  "label_tp_errors": {
    "car": {
      "trans_err": 0.37117226386953284,
      "scale_err": 0.1880056768942171,
      "orient_err": 1.2273857932783054,
      "vel_err": 1.0,
      "attr_err": 0.2316976380727391
    },
    "truck": {
      "trans_err": 0.3540218844480739,
      "scale_err": 0.2311809881563342,
      "orient_err": 1.0339971287243315,
      "vel_err": 1.0,
      "attr_err": 0.03112966456465103
    },
    "bus": {
      "trans_err": 1.2275644153653704,
      "scale_err": 0.41185969771416103,
      "orient_err": 0.09023712872777323,
      "vel_err": 1.0,
      "attr_err": 1.0
    },
    "trailer": {
      "trans_err": 1.0,
      "scale_err": 1.0,
      "orient_err": 1.0,
      "vel_err": 1.0,
      "attr_err": 1.0
    },
    "construction_vehicle": {
      "trans_err": 1.0,
      "scale_err": 1.0,
      "orient_err": 1.0,
      "vel_err": 1.0,
      "attr_err": 1.0
    },
    "pedestrian": {
      "trans_err": 0.33123258883876805,
      "scale_err": 0.28720914689780114,
      "orient_err": 1.4498789354577735,
      "vel_err": 1.0,
      "attr_err": 0.13211124414320613
    },
    "motorcycle": {
      "trans_err": 1.0,
      "scale_err": 1.0,
      "orient_err": 1.0,
      "vel_err": 1.0,
      "attr_err": 1.0
    },
    "bicycle": {
      "trans_err": 1.0,
      "scale_err": 1.0,
      "orient_err": 1.0,
      "vel_err": 1.0,
      "attr_err": 1.0
    },
    "traffic_cone": {
      "trans_err": 0.43389104550112023,
      "scale_err": 0.4751345882039808,
      "orient_err": NaN,
      "vel_err": NaN,
      "attr_err": NaN
    },
    "barrier": {
      "trans_err": 1.0,
      "scale_err": 1.0,
      "orient_err": 1.0,
      "vel_err": NaN,
      "attr_err": NaN
    }
  },
  "tp_errors": {
    "trans_err": 0.7717882198022865,
    "scale_err": 0.6593390097866495,
    "orient_err": 0.9779443317986871,
    "vel_err": 1.0,
    "attr_err": 0.6743673183475745
  },
  "tp_scores": {
    "trans_err": 0.2282117801977135,
    "scale_err": 0.3406609902133505,
    "orient_err": 0.022055668201312884,
    "vel_err": 0.0,
    "attr_err": 0.32563268165242554
  },
  "nd_score": 0.09923890515586023,
  "eval_time": 12.80057430267334,
  "meta": {
    "use_camera": false,
    "use_lidar": false,
    "use_radar": false,
    "use_map": false,
    "use_external": false
  }
}