{
  "label_aps": {
    "car": {
      "0.5": 0.0010340533719905287,
      "1.0": 0.0023789823790424263,
      "2.0": 0.0032914653113599516,
      "4.0": 0.009723752370313655
    },
    "truck": {
      "0.5": 0.00808951887048291,
      "1.0": 0.02042480639017814,
      "2.0": 0.021044911940678215,
      "4.0": 0.027460379376802565
    },
    "bus": {
      "0.5": 0.0,
      "1.0": 0.02127038111499842,
      "2.0": 0.0449375441905992,
      "4.0": 0.04790582434278052
    },
    "trailer": {
      "0.5": 0.0,
      "1.0": 0.0,
      "2.0": 0.0,
      "4.0": 0.0
    },
    "construction_vehicle": {
      "0.5": 0.0,
      "1.0": 0.0,
      "2.0": 0.0,
      "4.0": 0.0
    },
    "pedestrian": {
      "0.5": 0.03666206702321296,
      "1.0": 0.04692079466857642,
      "2.0": 0.062347799300040474,
      "4.0": 0.09577217144621941
    },
    "motorcycle": {
      "0.5": 0.0,
      "1.0": 0.0,
      "2.0": 0.0,
      "4.0": 0.002418815439912486
    },
    "bicycle": {
      "0.5": 0.0,
      "1.0": 0.0,
      "2.0": 0.0,
      "4.0": 0.0
    },
    "traffic_cone": {
      "0.5": 0.0,
      "1.0": 0.0,
      "2.0": 0.0,
      "4.0": 0.0
    },
    "barrier": {
      "0.5": 0.0,
      "1.0": 0.0,
      "2.0": 0.0,
      "4.0": 0.0
    }
  },
  "mean_dist_aps": {
    "car": 0.0041070633581766405,
    "truck": 0.019254904144535456,
    "bus": 0.028528437412094536,
    "trailer": 0.0,
    "construction_vehicle": 0.0,
    "pedestrian": 0.06042570810951232,
    "motorcycle": 0.0006047038599781215,
    "bicycle": 0.0,
    "traffic_cone": 0.0,
    "barrier": 0.0
  },
  "mean_ap": 0.011292081688429708,
  "label_tp_errors": {
    "car": {
      "trans_err": 0.45453296531996545,
      "scale_err": 0.20106049413543758,
      "orient_err": 1.5231241085509408,
      "vel_err": 1.0,
      "attr_err": 0.23349520711657698
    },
    "truck": {
      "trans_err": 0.4418844443059746,
      "scale_err": 0.25036664100661377,
      "orient_err": 1.2239143295357706,
      "vel_err": 1.0,
      "attr_err": 0.0
    },
    "bus": {
      "trans_err": 0.9588044650520577,
      "scale_err": 0.3475615968883509,
      "orient_err": 0.07495134466061928,
      "vel_err": 1.0,
      "attr_err": 1.0
    },
    "trailer": {
      "trans_err": 1.0,
      "scale_err": 1.0,
      "orient_err": 1.0,
      "vel_err": 1.0,
      "attr_err": 1.0
    },
    "construction_vehicle": {
      "trans_err": 1.0,
      "scale_err": 1.0,
      "orient_err": 1.0,
      "vel_err": 1.0,
      "attr_err": 1.0
    },
    "pedestrian": {
      "trans_err": 0.42198646736602957,
      "scale_err": 0.30826799391351056,
      "orient_err": 1.4623234307613877,
      "vel_err": 1.0,
      "attr_err": 0.08614914877373969
    },
    "motorcycle": {
      "trans_err": 1.0,
      "scale_err": 1.0,
      "orient_err": 1.0,
      "vel_err": 1.0,
      "attr_err": 1.0
    },
    "bicycle": {
      "trans_err": 1.0,
      "scale_err": 1.0,
      "orient_err": 1.0,
      "vel_err": 1.0,
      "attr_err": 1.0
    },
    "traffic_cone": {
      "trans_err": 1.0,
      "scale_err": 1.0,
      "orient_err": NaN,
      "vel_err": NaN,
      "attr_err": NaN
    },
    "barrier": {
      "trans_err": 1.0,
      "scale_err": 1.0,
      "orient_err": 1.0,
      "vel_err": NaN,
      "attr_err": NaN
    }
  },
  "tp_errors": {
    "trans_err": 0.8277208342044027,
    "scale_err": 0.7107256725943912,
    "orient_err": 1.0315903570565244,
    "vel_err": 1.0,
    "attr_err": 0.6649555444862896
  },
  "tp_scores": {
    "trans_err": 0.17227916579559732,
    "scale_err": 0.28927432740560877,
    "orient_err": 0.0,
    "vel_err": 0.0,
    "attr_err": 0.3350444555137104
  },
  "nd_score": 0.0853058357157065,
  "eval_time": 11.960665941238403,
  "meta": {
    "use_camera": false,
    "use_lidar": false,
    "use_radar": false,
    "use_map": false,
    "use_external": false
  }
}