{
  "label_aps": {
    "car": {
      "0.5": 0.0003960412421531858,
      "1.0": 0.001907473188903246,
      "2.0": 0.002574861640622033,
      "4.0": 0.009099619829787181
    },
    "truck": {
      "0.5": 0.013559783999282255,
      "1.0": 0.058748848363377106,
      "2.0": 0.06296470125686149,
      "4.0": 0.07604683390751386
    },
    "bus": {
      "0.5": 0.0,
      "1.0": 0.0,
      "2.0": 0.0,
      "4.0": 0.0
    },
    "trailer": {
      "0.5": 0.0,
      "1.0": 0.0,
      "2.0": 0.0,
      "4.0": 0.0
    },
    "construction_vehicle": {
      "0.5": 0.0,
      "1.0": 0.0,
      "2.0": 0.0,
      "4.0": 0.0
    },
    "pedestrian": {
      "0.5": 0.07590734614440392,
      "1.0": 0.10172605861024615,
      "2.0": 0.12407629708123569,
      "4.0": 0.1698049172037108
    },
    "motorcycle": {
      "0.5": 0.0,
      "1.0": 0.0,
      "2.0": 0.0,
      "4.0": 0.0
    },
    "bicycle": {
      "0.5": 0.0,
      "1.0": 0.0,
      "2.0": 0.0,
      "4.0": 0.0
    },
    "traffic_cone": {
      "0.5": 0.0,
      "1.0": 0.0,
      "2.0": 0.0,
      "4.0": 0.0
    },
    "barrier": {
      "0.5": 0.0,
      "1.0": 0.0,
      "2.0": 0.0,
      "4.0": 0.0
    }
  },
  "mean_dist_aps": {
    "car": 0.0034944989753664117,
    "truck": 0.052830041881758674,
    "bus": 0.0,
    "trailer": 0.0,
    "construction_vehicle": 0.0,
    "pedestrian": 0.11787865475989914,
    "motorcycle": 0.0,
    "bicycle": 0.0,
    "traffic_cone": 0.0,
    "barrier": 0.0
  },
  "mean_ap": 0.017420319561702424,
  "label_tp_errors": {
    "car": {
      "trans_err": 0.4120304835900697,
      "scale_err": 0.1779729336250465,
      "orient_err": 1.5852970753441107,
      "vel_err": 1.0,
      "attr_err": 0.22595815392507146
    },
    "truck": {
      "trans_err": 0.45879581781833906,
      "scale_err": 0.23421196872325953,
      "orient_err": 1.800833558722971,
      "vel_err": 1.0,
      "attr_err": 0.007386448381728915
    },
    "bus": {
      "trans_err": 0.6953208500269483,
      "scale_err": 0.29348299414478973,
      "orient_err": 0.15910401734891344,
      "vel_err": 1.0,
      "attr_err": 1.0
    },
    "trailer": {
      "trans_err": 1.0,
      "scale_err": 1.0,
      "orient_err": 1.0,
      "vel_err": 1.0,
      "attr_err": 1.0
    },
    "construction_vehicle": {
      "trans_err": 1.0,
      "scale_err": 1.0,
      "orient_err": 1.0,
      "vel_err": 1.0,
      "attr_err": 1.0
    },
    "pedestrian": {
      "trans_err": 0.4460435294986784,
      "scale_err": 0.33851767865405247,
      "orient_err": 1.281945253594349,
      "vel_err": 1.0,
      "attr_err": 0.056727962234608936
    },
    "motorcycle": {
      "trans_err": 1.0,
      "scale_err": 1.0,
      "orient_err": 1.0,
      "vel_err": 1.0,
      "attr_err": 1.0
    },
    "bicycle": {
      "trans_err": 1.0,
      "scale_err": 1.0,
      "orient_err": 1.0,
      "vel_err": 1.0,
      "attr_err": 1.0
    },
    "traffic_cone": {
      "trans_err": 0.43957524727441827,
      "scale_err": 0.5246616653921806,
      "orient_err": NaN,
      "vel_err": NaN,
      "attr_err": NaN
    },
    "barrier": {
      "trans_err": 1.0,
      "scale_err": 1.0,
      "orient_err": 1.0,
      "vel_err": NaN,
      "attr_err": NaN
    }
  },
  "tp_errors": {
    "trans_err": 0.7451765928208454,
    "scale_err": 0.6568847240539328,
    "orient_err": 1.0919088783344828,
    "vel_err": 1.0,
    "attr_err": 0.6612590705676762
  },
  "tp_scores": {
    "trans_err": 0.25482340717915464,
    "scale_err": 0.34311527594606717,
    "orient_err": 0.0,
    "vel_err": 0.0,
    "attr_err": 0.3387409294323238
  },
  "nd_score": 0.10237812103660578,
  "eval_time": 13.216426610946655,
  "meta": {
    "use_camera": false,
    "use_lidar": false,
    "use_radar": false,
    "use_map": false,
    "use_external": false
  }
}