{
  "label_aps": {
    "car": {
      "0.5": 0.0038110506344594015,
      "1.0": 0.006536891179693615,
      "2.0": 0.0076717155249362195,
      "4.0": 0.01880005062443178
    },
    "truck": {
      "0.5": 0.02327787945381312,
      "1.0": 0.04188775852819687,
      "2.0": 0.04412669601245519,
      "4.0": 0.047781969426816354
    },
    "bus": {
      "0.5": 0.0,
      "1.0": 0.0,
      "2.0": 0.031803524043176386,
      "4.0": 0.05174004684795177
    },
    "trailer": {
      "0.5": 0.0,
      "1.0": 0.0,
      "2.0": 0.0,
      "4.0": 0.0
    },
    "construction_vehicle": {
      "0.5": 0.0,
      "1.0": 0.0,
      "2.0": 0.0,
      "4.0": 0.0
    },
    "pedestrian": {
      "0.5": 0.16804249426205967,
      "1.0": 0.19656670371866677,
      "2.0": 0.23134580700841964,
      "4.0": 0.2738492053897184
    },
    "motorcycle": {
      "0.5": 0.0,
      "1.0": 0.0,
      "2.0": 0.0,
      "4.0": 0.0
    },
    "bicycle": {
      "0.5": 0.0,
      "1.0": 0.0,
      "2.0": 0.0,
      "4.0": 0.0
    },
    "traffic_cone": {
      "0.5": 0.0,
      "1.0": 0.0,
      "2.0": 0.0,
      "4.0": 0.0
    },
    "barrier": {
      "0.5": 0.0,
      "1.0": 0.0,
      "2.0": 0.0,
      "4.0": 0.0
    }
  },
  "mean_dist_aps": {
    "car": 0.009204926990880255,
    "truck": 0.039268575855320384,
    "bus": 0.02088589272278204,
    "trailer": 0.0,
    "construction_vehicle": 0.0,
    "pedestrian": 0.21745105259471614,
    "motorcycle": 0.0,
    "bicycle": 0.0,
    "traffic_cone": 0.0,
    "barrier": 0.0
  },
  "mean_ap": 0.028681044816369884,
  "label_tp_errors": {
    "car": {
      "trans_err": 0.39471189502333337,
      "scale_err": 0.18933994108825064,
      "orient_err": 1.1263329413736685,
      "vel_err": 1.0,
      "attr_err": 0.19074800718201812
    },
    "truck": {
      "trans_err": 0.46618345091921737,
      "scale_err": 0.20480745540808593,
      "orient_err": 0.8459062019158837,
      "vel_err": 1.0,
      "attr_err": 0.02199282740108797
    },
    "bus": {
      "trans_err": 1.136832773867885,
      "scale_err": 0.34606747024698015,
      "orient_err": 0.09848400956231845,
      "vel_err": 1.0,
      "attr_err": 1.0
    },
    "trailer": {
      "trans_err": 1.0,
      "scale_err": 1.0,
      "orient_err": 1.0,
      "vel_err": 1.0,
      "attr_err": 1.0
    },
    "construction_vehicle": {
      "trans_err": 1.0,
      "scale_err": 1.0,
      "orient_err": 1.0,
      "vel_err": 1.0,
      "attr_err": 1.0
    },
    "pedestrian": {
      "trans_err": 0.3768971414853425,
      "scale_err": 0.3009735922393209,
      "orient_err": 1.3893963679669101,
      "vel_err": 1.0,
      "attr_err": 0.0615317699208566
    },
    "motorcycle": {
      "trans_err": 1.0,
      "scale_err": 1.0,
      "orient_err": 1.0,
      "vel_err": 1.0,
      "attr_err": 1.0
    },
    "bicycle": {
      "trans_err": 1.0,
      "scale_err": 1.0,
      "orient_err": 1.0,
      "vel_err": 1.0,
      "attr_err": 1.0
    },
    "traffic_cone": {
      "trans_err": 1.0,
      "scale_err": 1.0,
      "orient_err": NaN,
      "vel_err": NaN,
      "attr_err": NaN
    },
    "barrier": {
      "trans_err": 1.0,
      "scale_err": 1.0,
      "orient_err": 1.0,
      "vel_err": NaN,
      "attr_err": NaN
    }
  },
  "tp_errors": {
    "trans_err": 0.8374625261295778,
    "scale_err": 0.7041188458982637,
    "orient_err": 0.9400132800909756,
    "vel_err": 1.0,
    "attr_err": 0.6592840755629953
  },
  "tp_scores": {
    "trans_err": 0.16253747387042217,
    "scale_err": 0.2958811541017363,
    "orient_err": 0.05998671990902438,
    "vel_err": 0.0,
    "attr_err": 0.3407159244370047
  },
  "nd_score": 0.10025264964000372,
  "eval_time": 12.823938608169556,
  "meta": {
    "use_camera": false,
    "use_lidar": false,
    "use_radar": false,
    "use_map": false,
    "use_external": false
  }
}