{
  "label_aps": {
    "car": {
      "0.5": 0.0001186669891976214,
      "1.0": 0.00046442287692632835,
      "2.0": 0.0005775326845575443,
      "4.0": 0.0035120020523363776
    },
    "truck": {
      "0.5": 0.036242113030569574,
      "1.0": 0.055458479682089654,
      "2.0": 0.055458479682089654,
      "4.0": 0.0656725777214907
    },
    "bus": {
      "0.5": 0.0,
      "1.0": 0.0,
      "2.0": 0.020579267492077682,
      "4.0": 0.041088567406451726
    },
    "trailer": {
      "0.5": 0.0,
      "1.0": 0.0,
      "2.0": 0.0,
      "4.0": 0.0
    },
    "construction_vehicle": {
      "0.5": 0.0,
      "1.0": 0.0,
      "2.0": 0.0,
      "4.0": 0.0
    },
    "pedestrian": {
      "0.5": 0.036538260851142194,
      "1.0": 0.04630242552910537,
      "2.0": 0.06273250288739868,
      "4.0": 0.09461032479067974
    },
    "motorcycle": {
      "0.5": 0.0,
      "1.0": 0.0,
      "2.0": 0.0,
      "4.0": 0.0
    },
    "bicycle": {
      "0.5": 0.0,
      "1.0": 0.0,
      "2.0": 0.0,
      "4.0": 0.0
    },
    "traffic_cone": {
      "0.5": 0.0,
      "1.0": 0.0,
      "2.0": 0.0,
      "4.0": 0.0
    },
    "barrier": {
      "0.5": 0.0,
      "1.0": 0.0,
      "2.0": 0.0,
      "4.0": 0.0
    }
  },
  "mean_dist_aps": {
    "car": 0.001168156150754468,
    "truck": 0.0532079125290599,
    "bus": 0.015416958724632352,
    "trailer": 0.0,
    "construction_vehicle": 0.0,
    "pedestrian": 0.06004587851458149,
    "motorcycle": 0.0,
    "bicycle": 0.0,
    "traffic_cone": 0.0,
    "barrier": 0.0
  },
  "mean_ap": 0.012983890591902822,
  "label_tp_errors": {
    "car": {
      "trans_err": 0.3495641209612367,
      "scale_err": 0.21497856268258247,
      "orient_err": 1.3302482276155945,
      "vel_err": 1.0,
      "attr_err": 0.2599415109285659
    },
    "truck": {
      "trans_err": 0.3538083052995033,
      "scale_err": 0.1925278561496377,
      "orient_err": 2.343951256292328,
      "vel_err": 1.0,
      "attr_err": 0.022223063292821282
    },
    "bus": {
      "trans_err": 1.1486778234816457,
      "scale_err": 0.4747401767331511,
      "orient_err": 0.09528849756187709,
      "vel_err": 1.0,
      "attr_err": 1.0
    },
    "trailer": {
      "trans_err": 1.0,
      "scale_err": 1.0,
      "orient_err": 1.0,
      "vel_err": 1.0,
      "attr_err": 1.0
    },
    "construction_vehicle": {
      "trans_err": 1.0,
      "scale_err": 1.0,
      "orient_err": 1.0,
      "vel_err": 1.0,
      "attr_err": 1.0
    },
    "pedestrian": {
      "trans_err": 0.4132915837064599,
      "scale_err": 0.28685960528857585,
      "orient_err": 1.3722927897458959,
      "vel_err": 1.0,
      "attr_err": 0.13952214224630966
    },
    "motorcycle": {
      "trans_err": 1.0,
      "scale_err": 1.0,
      "orient_err": 1.0,
      "vel_err": 1.0,
      "attr_err": 1.0
    },
    "bicycle": {
      "trans_err": 1.0,
      "scale_err": 1.0,
      "orient_err": 1.0,
      "vel_err": 1.0,
      "attr_err": 1.0
    },
    "traffic_cone": {
      "trans_err": 1.0,
      "scale_err": 1.0,
      "orient_err": NaN,
      "vel_err": NaN,
      "attr_err": NaN
    },
    "barrier": {
      "trans_err": 1.0,
      "scale_err": 1.0,
      "orient_err": 1.0,
      "vel_err": NaN,
      "attr_err": NaN
    }
  },
  "tp_errors": {
    "trans_err": 0.8265341833448845,
    "scale_err": 0.7169106200853947,
    "orient_err": 1.1268645301350775,
    "vel_err": 1.0,
    "attr_err": 0.6777108395584621
  },
  "tp_scores": {
    "trans_err": 0.1734658166551155,
    "scale_err": 0.28308937991460525,
    "orient_err": 0.0,
    "vel_err": 0.0,
    "attr_err": 0.3222891604415379
  },
  "nd_score": 0.08437638099707727,
  "eval_time": 12.801764011383057,
  "meta": {
    "use_camera": false,
    "use_lidar": false,
    "use_radar": false,
    "use_map": false,
    "use_external": false
  }
}