{
  "label_aps": {
    "car": {
      "0.5": 0.013129155525574771,
      "1.0": 0.03418884936112837,
      "2.0": 0.05409126212285756,
      "4.0": 0.08416823494129075
    },
    "truck": {
      "0.5": 0.0,
      "1.0": 0.0,
      "2.0": 0.00019526684522507375,
      "4.0": 0.0007167238725933121
    },
    "bus": {
      "0.5": 0.0,
      "1.0": 0.0,
      "2.0": 0.0,
      "4.0": 0.0
    },
    "trailer": {
      "0.5": 0.0,
      "1.0": 0.0,
      "2.0": 0.0,
      "4.0": 0.0
    },
    "construction_vehicle": {
      "0.5": 0.0,
      "1.0": 0.0,
      "2.0": 0.0,
      "4.0": 0.0
    },
    "pedestrian": {
      "0.5": 0.10354072267923681,
      "1.0": 0.1456936696058783,
      "2.0": 0.17629322595452712,
      "4.0": 0.23100080986469773
    },
    "motorcycle": {
      "0.5": 0.0,
      "1.0": 0.0,
      "2.0": 0.0,
      "4.0": 0.0
    },
    "bicycle": {
      "0.5": 0.0,
      "1.0": 0.0,
      "2.0": 0.0,
      "4.0": 0.0
    },
    "traffic_cone": {
      "0.5": 0.0,
      "1.0": 0.0,
      "2.0": 0.0,
      "4.0": 0.0
    },
    "barrier": {
      "0.5": 0.0,
      "1.0": 0.0,
      "2.0": 0.0,
      "4.0": 0.0
    }
  },
  "mean_dist_aps": {
    "car": 0.04639437548771286,
    "truck": 0.00022799767945459647,
    "bus": 0.0,
    "trailer": 0.0,
    "construction_vehicle": 0.0,
    "pedestrian": 0.164132107026085,
    "motorcycle": 0.0,
    "bicycle": 0.0,
    "traffic_cone": 0.0,
    "barrier": 0.0
  },
  "mean_ap": 0.021075448019325243,
  "label_tp_errors": {
    "car": {
      "trans_err": 0.6896521623822902,
      "scale_err": 0.20626600041749404,
      "orient_err": 1.3010729674670276,
      "vel_err": 1.0,
      "attr_err": 0.17169380192451877
    },
    "truck": {
      "trans_err": 0.9523100516449461,
      "scale_err": 0.29439074326324394,
      "orient_err": 1.2238183809225547,
      "vel_err": 1.0,
      "attr_err": 0.0
    },
    "bus": {
      "trans_err": 1.0,
      "scale_err": 1.0,
      "orient_err": 1.0,
      "vel_err": 1.0,
      "attr_err": 1.0
    },
    "trailer": {
      "trans_err": 1.0,
      "scale_err": 1.0,
      "orient_err": 1.0,
      "vel_err": 1.0,
      "attr_err": 1.0
    },
    "construction_vehicle": {
      "trans_err": 1.0,
      "scale_err": 1.0,
      "orient_err": 1.0,
      "vel_err": 1.0,
      "attr_err": 1.0
    },
    "pedestrian": {
      "trans_err": 0.43529938343607777,
      "scale_err": 0.3223410675256558,
      "orient_err": 1.4003998134642799,
      "vel_err": 1.0,
      "attr_err": 0.029702480782785336
    },
    "motorcycle": {
      "trans_err": 1.0,
      "scale_err": 1.0,
      "orient_err": 1.0,
      "vel_err": 1.0,
      "attr_err": 1.0
    },
    "bicycle": {
      "trans_err": 1.0,
      "scale_err": 1.0,
      "orient_err": 1.0,
      "vel_err": 1.0,
      "attr_err": 1.0
    },
    "traffic_cone": {
      "trans_err": 1.0,
      "scale_err": 1.0,
      "orient_err": NaN,
      "vel_err": NaN,
      "attr_err": NaN
    },
    "barrier": {
      "trans_err": 1.0,
      "scale_err": 1.0,
      "orient_err": 1.0,
      "vel_err": NaN,
      "attr_err": NaN
    }
  },
  "tp_errors": {
    "trans_err": 0.9077261597463314,
    "scale_err": 0.7822997811206394,
    "orient_err": 1.1028101290948737,
    "vel_err": 1.0,
    "attr_err": 0.650174535338413
  },
  "tp_scores": {
    "trans_err": 0.09227384025366858,
    "scale_err": 0.21770021887936064,
    "orient_err": 0.0,
    "vel_err": 0.0,
    "attr_err": 0.34982546466158704
  },
  "nd_score": 0.07651767638912424,
  "eval_time": 11.480124473571777,
  "meta": {
    "use_camera": false,
    "use_lidar": false,
    "use_radar": false,
    "use_map": false,
    "use_external": false
  }
}