{
  "label_aps": {
    "car": {
      "0.5": 0.0,
      "1.0": 0.00011440239778273943,
      "2.0": 0.0001238659716819596,
      "4.0": 0.0012004819869062123
    },
    "truck": {
      "0.5": 0.02554784935836957,
      "1.0": 0.030387356568126682,
      "2.0": 0.030387356568126682,
      "4.0": 0.034777675937368954
    },
    "bus": {
      "0.5": 0.0,
      "1.0": 5.303549163198269e-05,
      "2.0": 0.040656455349680896,
      "4.0": 0.0647620927138716
    },
    "trailer": {
      "0.5": 0.0,
      "1.0": 0.0,
      "2.0": 0.0,
      "4.0": 0.0
    },
    "construction_vehicle": {
      "0.5": 0.0,
      "1.0": 0.0,
      "2.0": 0.0,
      "4.0": 0.0
    },
    "pedestrian": {
      "0.5": 0.02143534771922787,
      "1.0": 0.027238095067896328,
      "2.0": 0.032925602402550345,
      "4.0": 0.05185337618490674
    },
    "motorcycle": {
      "0.5": 0.0,
      "1.0": 0.0,
      "2.0": 0.0,
      "4.0": 0.0
    },
    "bicycle": {
      "0.5": 0.0,
      "1.0": 0.0,
      "2.0": 0.0,
      "4.0": 0.0
    },
    "traffic_cone": {
      "0.5": 0.0,
      "1.0": 0.0,
      "2.0": 0.0,
      "4.0": 0.0
    },
    "barrier": {
      "0.5": 0.0,
      "1.0": 0.0,
      "2.0": 0.0,
      "4.0": 0.0
    }
  },
  "mean_dist_aps": {
    "car": 0.00035968758909272786,
    "truck": 0.030275059607997975,
    "bus": 0.02636789588879612,
    "trailer": 0.0,
    "construction_vehicle": 0.0,
    "pedestrian": 0.03336310534364532,
    "motorcycle": 0.0,
    "bicycle": 0.0,
    "traffic_cone": 0.0,
    "barrier": 0.0
  },
  "mean_ap": 0.009036574842953213,
  "label_tp_errors": {
    "car": {
      "trans_err": 0.3761000546313963,
      "scale_err": 0.19464882029218605,
      "orient_err": 1.3032306566387797,
      "vel_err": 1.0,
      "attr_err": 0.2691140179080731
    },
    "truck": {
      "trans_err": 0.37726309742484704,
      "scale_err": 0.2534079042441071,
      "orient_err": 0.6811467924833051,
      "vel_err": 1.0,
      "attr_err": 0.003925824711382563
    },
    "bus": {
      "trans_err": 1.5951486238607189,
      "scale_err": 0.4614767813960314,
      "orient_err": 0.11000671274279734,
      "vel_err": 1.0,
      "attr_err": 1.0
    },
    "trailer": {
      "trans_err": 1.0,
      "scale_err": 1.0,
      "orient_err": 1.0,
      "vel_err": 1.0,
      "attr_err": 1.0
    },
    "construction_vehicle": {
      "trans_err": 1.0,
      "scale_err": 1.0,
      "orient_err": 1.0,
      "vel_err": 1.0,
      "attr_err": 1.0
    },
    "pedestrian": {
      "trans_err": 0.3405164685922504,
      "scale_err": 0.2702396197117026,
      "orient_err": 1.2825746360590464,
      "vel_err": 1.0,
      "attr_err": 0.11299025272544301
    },
    "motorcycle": {
      "trans_err": 1.0,
      "scale_err": 1.0,
      "orient_err": 1.0,
      "vel_err": 1.0,
      "attr_err": 1.0
    },
    "bicycle": {
      "trans_err": 1.0,
      "scale_err": 1.0,
      "orient_err": 1.0,
      "vel_err": 1.0,
      "attr_err": 1.0
    },
    "traffic_cone": {
      "trans_err": 1.0,
      "scale_err": 1.0,
      "orient_err": NaN,
      "vel_err": NaN,
      "attr_err": NaN
    },
    "barrier": {
      "trans_err": 1.0,
      "scale_err": 1.0,
      "orient_err": 1.0,
      "vel_err": NaN,
      "attr_err": NaN
    }
  },
  "tp_errors": {
    "trans_err": 0.8689028244509214,
    "scale_err": 0.7179773125644028,
    "orient_err": 0.9307731997693255,
    "vel_err": 1.0,
    "attr_err": 0.6732537619181124
  },
  "tp_scores": {
    "trans_err": 0.13109717554907863,
    "scale_err": 0.2820226874355972,
    "orient_err": 0.06922680023067451,
    "vel_err": 0.0,
    "attr_err": 0.32674623808188763
  },
  "nd_score": 0.08542757755120041,
  "eval_time": 13.423862934112549,
  "meta": {
    "use_camera": false,
    "use_lidar": false,
    "use_radar": false,
    "use_map": false,
    "use_external": false
  }
}