{
  "label_aps": {
    "car": {
      "0.5": 0.0007816370338137576,
      "1.0": 0.0013936389777813387,
      "2.0": 0.0014676964054496425,
      "4.0": 0.005912306398202888
    },
    "truck": {
      "0.5": 0.040132485674561576,
      "1.0": 0.046588073421428504,
      "2.0": 0.046588073421428504,
      "4.0": 0.052424698721493926
    },
    "bus": {
      "0.5": 0.0,
      "1.0": 0.0,
      "2.0": 0.026332115415602517,
      "4.0": 0.026332115415602517
    },
    "trailer": {
      "0.5": 0.0,
      "1.0": 0.0,
      "2.0": 0.0,
      "4.0": 0.0
    },
    "construction_vehicle": {
      "0.5": 0.0,
      "1.0": 0.0,
      "2.0": 0.0,
      "4.0": 0.0
    },
    "pedestrian": {
      "0.5": 0.026792550530202054,
      "1.0": 0.0370062069896441,
      "2.0": 0.05298250003010619,
      "4.0": 0.0913168496040498
    },
    "motorcycle": {
      "0.5": 0.0,
      "1.0": 0.0,
      "2.0": 0.0,
      "4.0": 0.0
    },
    "bicycle": {
      "0.5": 0.0,
      "1.0": 0.0,
      "2.0": 0.0,
      "4.0": 0.0
    },
    "traffic_cone": {
      "0.5": 0.0,
      "1.0": 0.0,
      "2.0": 0.0,
      "4.0": 0.0
    },
    "barrier": {
      "0.5": 0.0,
      "1.0": 0.0,
      "2.0": 0.0,
      "4.0": 0.0
    }
  },
  "mean_dist_aps": {
    "car": 0.0023888197038119067,
    "truck": 0.046433332809728126,
    "bus": 0.013166057707801259,
    "trailer": 0.0,
    "construction_vehicle": 0.0,
    "pedestrian": 0.05202452678850053,
    "motorcycle": 0.0,
    "bicycle": 0.0,
    "traffic_cone": 0.0,
    "barrier": 0.0
  },
  "mean_ap": 0.011401273700984182,
  "label_tp_errors": {
    "car": {
      "trans_err": 0.3419896691962188,
      "scale_err": 0.18928033189209778,
      "orient_err": 1.515851005334298,
      "vel_err": 1.0,
      "attr_err": 0.23086375673232779
    },
    "truck": {
      "trans_err": 0.25701210423402476,
      "scale_err": 0.2737705431720071,
      "orient_err": 0.5349579143281129,
      "vel_err": 1.0,
      "attr_err": 0.022339092436233922
    },
    "bus": {
      "trans_err": 1.4101451067552861,
      "scale_err": 0.4303795210982745,
      "orient_err": 0.13868702955945306,
      "vel_err": 1.0,
      "attr_err": 1.0
    },
    "trailer": {
      "trans_err": 1.0,
      "scale_err": 1.0,
      "orient_err": 1.0,
      "vel_err": 1.0,
      "attr_err": 1.0
    },
    "construction_vehicle": {
      "trans_err": 1.0,
      "scale_err": 1.0,
      "orient_err": 1.0,
      "vel_err": 1.0,
      "attr_err": 1.0
    },
    "pedestrian": {
      "trans_err": 0.4283913321993244,
      "scale_err": 0.27483725491445515,
      "orient_err": 1.4092517106436095,
      "vel_err": 1.0,
      "attr_err": 0.19504833609539476
    },
    "motorcycle": {
      "trans_err": 1.0,
      "scale_err": 1.0,
      "orient_err": 1.0,
      "vel_err": 1.0,
      "attr_err": 1.0
    },
    "bicycle": {
      "trans_err": 1.0,
      "scale_err": 1.0,
      "orient_err": 1.0,
      "vel_err": 1.0,
      "attr_err": 1.0
    },
    "traffic_cone": {
      "trans_err": 1.0,
      "scale_err": 1.0,
      "orient_err": NaN,
      "vel_err": NaN,
      "attr_err": NaN
    },
    "barrier": {
      "trans_err": 1.0,
      "scale_err": 1.0,
      "orient_err": 1.0,
      "vel_err": NaN,
      "attr_err": NaN
    }
  },
  "tp_errors": {
    "trans_err": 0.8437538212384854,
    "scale_err": 0.7168267651076834,
    "orient_err": 0.9554164066517193,
    "vel_err": 1.0,
    "attr_err": 0.6810313981579945
  },
  "tp_scores": {
    "trans_err": 0.1562461787615146,
    "scale_err": 0.2831732348923166,
    "orient_err": 0.04458359334828066,
    "vel_err": 0.0,
    "attr_err": 0.3189686018420055
  },
  "nd_score": 0.08599779773490382,
  "eval_time": 11.631002426147461,
  "meta": {
    "use_camera": false,
    "use_lidar": false,
    "use_radar": false,
    "use_map": false,
    "use_external": false
  }
}