{
  "label_aps": {
    "car": {
      "0.5": 0.004437331344965356,
      "1.0": 0.006523967857677922,
      "2.0": 0.007422120510618876,
      "4.0": 0.01952829336259405
    },
    "truck": {
      "0.5": 0.021299818489139553,
      "1.0": 0.06479216856431708,
      "2.0": 0.06524858896521442,
      "4.0": 0.07533042410444947
    },
    "bus": {
      "0.5": 0.0,
      "1.0": 0.0006717752234993609,
      "2.0": 0.00803962516934797,
      "4.0": 0.016228526025457865
    },
    "trailer": {
      "0.5": 0.0,
      "1.0": 0.0,
      "2.0": 0.0,
      "4.0": 0.0
    },
    "construction_vehicle": {
      "0.5": 0.0,
      "1.0": 0.0,
      "2.0": 0.0,
      "4.0": 0.0
    },
    "pedestrian": {
      "0.5": 0.17308251266447383,
      "1.0": 0.205820572729601,
      "2.0": 0.2383410995820058,
      "4.0": 0.2939887441721189
    },
    "motorcycle": {
      "0.5": 0.0,
      "1.0": 0.0,
      "2.0": 0.0,
      "4.0": 0.0
    },
    "bicycle": {
      "0.5": 0.0,
      "1.0": 0.0,
      "2.0": 0.0,
      "4.0": 0.0
    },
    "traffic_cone": {
      "0.5": 0.0,
      "1.0": 0.0,
      "2.0": 0.0,
      "4.0": 0.0
    },
    "barrier": {
      "0.5": 0.0,
      "1.0": 0.0,
      "2.0": 0.0,
      "4.0": 0.0
    }
  },
  "mean_dist_aps": {
    "car": 0.009477928268964052,
    "truck": 0.05666775003078013,
    "bus": 0.006234981604576299,
    "trailer": 0.0,
    "construction_vehicle": 0.0,
    "pedestrian": 0.22780823228704988,
    "motorcycle": 0.0,
    "bicycle": 0.0,
    "traffic_cone": 0.0,
    "barrier": 0.0
  },
  "mean_ap": 0.030018889219137035,
  "label_tp_errors": {
    "car": {
      "trans_err": 0.3784364142683612,
      "scale_err": 0.19587619057230243,
      "orient_err": 1.1546827354256628,
      "vel_err": 1.0,
      "attr_err": 0.19584572328804323
    },
    "truck": {
      "trans_err": 0.440522006559634,
      "scale_err": 0.2605019365487172,
      "orient_err": 0.7515465467493007,
      "vel_err": 1.0,
      "attr_err": 0.0
    },
    "bus": {
      "trans_err": 1.2279967857503151,
      "scale_err": 0.440296376038158,
      "orient_err": 0.04318625449081213,
      "vel_err": 1.0,
      "attr_err": 1.0
    },
    "trailer": {
      "trans_err": 1.0,
      "scale_err": 1.0,
      "orient_err": 1.0,
      "vel_err": 1.0,
      "attr_err": 1.0
    },
    "construction_vehicle": {
      "trans_err": 1.0,
      "scale_err": 1.0,
      "orient_err": 1.0,
      "vel_err": 1.0,
      "attr_err": 1.0
    },
    "pedestrian": {
      "trans_err": 0.3764113225778621,
      "scale_err": 0.3111313332298648,
      "orient_err": 1.5295195905966315,
      "vel_err": 1.0,
      "attr_err": 0.026837020359669294
    },
    "motorcycle": {
      "trans_err": 1.0,
      "scale_err": 1.0,
      "orient_err": 1.0,
      "vel_err": 1.0,
      "attr_err": 1.0
    },
    "bicycle": {
      "trans_err": 1.0,
      "scale_err": 1.0,
      "orient_err": 1.0,
      "vel_err": 1.0,
      "attr_err": 1.0
    },
    "traffic_cone": {
      "trans_err": 1.0,
      "scale_err": 1.0,
      "orient_err": NaN,
      "vel_err": NaN,
      "attr_err": NaN
    },
    "barrier": {
      "trans_err": 1.0,
      "scale_err": 1.0,
      "orient_err": 1.0,
      "vel_err": NaN,
      "attr_err": NaN
    }
  },
  "tp_errors": {
    "trans_err": 0.8423366529156173,
    "scale_err": 0.7207805836389042,
    "orient_err": 0.9421039030291563,
    "vel_err": 1.0,
    "attr_err": 0.652835342955964
  },
  "tp_scores": {
    "trans_err": 0.15766334708438268,
    "scale_err": 0.2792194163610958,
    "orient_err": 0.05789609697084375,
    "vel_err": 0.0,
    "attr_err": 0.347164657044036
  },
  "nd_score": 0.09920379635560435,
  "eval_time": 12.748574495315552,
  "meta": {
    "use_camera": false,
    "use_lidar": false,
    "use_radar": false,
    "use_map": false,
    "use_external": false
  }
}